player_age,woba,exit_velocity_avg,launch_angle_avg,sweet_spot_percent,barrel_batted_rate,woba_percent
40,0.283,87.3,13.4,29.4,4.6,28.3
37,0.286,88.7,13.5,31.9,5.4,28.6
34,0.349,90.6,6.2,35.7,4.5,34.9
34,0.313,91.1,12.4,41.7,10.5,31.3
36,0.316,84.6,8.2,31.1,2.4,31.6
34,0.312,84.3,15.8,32.8,2.6,31.2
34,0.339,88.7,7.9,36.1,8.6,33.9
34,0.316,87.9,14.5,35.2,5.9,31.6
34,0.334,90.3,7.5,33.9,6.3,33.4
34,0.373,89.2,16.8,36.4,10.3,37.3
36,0.295,88.3,17,29.7,6.6,29.5
31,0.334,86.9,11.9,33.6,6.4,33.4
36,0.33,87.7,20.2,33.1,10.9,33
33,0.318,88.5,12.6,35.3,9.5,31.8
34,0.32,91.1,9.5,31.1,10,32
35,0.313,86.3,19.5,37.2,4.9,31.3
36,0.385,93.2,12.4,34.5,14.2,38.5
31,0.295,89.7,12.7,26.5,7.1,29.5
29,0.342,88,4.2,27,4.1,34.2
30,0.269,84,14,34.1,2.2,26.9
31,0.312,86.7,12.7,32.4,5.2,31.2
31,0.392,85.8,14.8,35.7,4.4,39.2
33,0.357,87.2,11.8,36.5,8.3,35.7
31,0.312,90.1,15,40.4,12.8,31.2
33,0.329,87.2,11.7,36.9,4.6,32.9
34,0.303,89,4.2,25.3,5.8,30.3
33,0.325,85.3,11,34.2,3.3,32.5
31,0.338,87.2,12,37.6,4.7,33.8
30,0.415,87.3,13.4,38.1,8.7,41.5
31,0.335,87.5,20.3,33.1,9.6,33.5
33,0.321,88.3,8.8,34,3.3,32.1
31,0.347,89.1,10.2,32.1,3.5,34.7
30,0.36,88.4,14.2,33.7,7.7,36
29,0.378,88.8,15.7,36,13.2,37.8
32,0.4,89.4,18.5,37.7,8.6,40
30,0.366,88.7,11.6,36.5,3.5,36.6
30,0.35,88.4,18.4,39.4,10.5,35
33,0.428,87.5,14.1,40.5,9.1,42.8
33,0.336,86.4,10.3,34.4,3.8,33.6
32,0.343,88.2,14.9,38.3,8.8,34.3
33,0.269,86.3,13.8,34.6,4.5,26.9
28,0.344,86.5,7.6,32.5,4.2,34.4
32,0.319,88.3,8.9,33.6,3.8,31.9
31,0.35,88.6,13,28.4,7.5,35
31,0.327,87.5,6.2,28.9,5.9,32.7
30,0.308,85.8,9.1,35.3,3.1,30.8
30,0.366,89.2,19.4,35.7,9.9,36.6
30,0.371,89.6,17.1,39.4,13.6,37.1
32,0.387,91.4,8.3,32.3,12.2,38.7
33,0.347,88.9,18.6,43.2,6,34.7
29,0.363,88.6,17.6,39.6,12.8,36.3
33,0.344,89.9,10.4,29.2,3.4,34.4
29,0.311,85.4,14.7,31.8,3.9,31.1
34,0.326,88.9,3.1,31.2,6.4,32.6
29,0.361,92.2,14.2,37.6,17.7,36.1
29,0.398,89.6,6.9,34.3,9.3,39.8
30,0.357,87.7,17.8,38.3,3.8,35.7
32,0.385,89.6,17.3,39.6,4.8,38.5
29,0.4,91.5,11.6,32.8,13.3,40
28,0.381,88.7,11.7,29.4,6.6,38.1
27,0.405,86.1,9.7,34.8,6.7,40.5
27,0.346,85.7,4.5,33.3,2.9,34.6
27,0.334,87.6,6.7,32.8,3.2,33.4
27,0.407,89.7,16,40.1,13.3,40.7
28,0.342,89.3,3.3,31.7,1.9,34.2
31,0.326,89.3,11.6,34.9,12,32.6
28,0.345,87.4,18.2,34,8.6,34.5
27,0.38,88.4,15.5,34.2,9.3,38
28,0.348,88.8,11.7,33.4,11.5,34.8
27,0.41,91.9,11.1,31.6,17.4,41
30,0.37,88.2,12.8,36.3,11.1,37
27,0.298,86.3,15.2,32.8,2.4,29.8
26,0.375,90.3,7.6,31.4,8.8,37.5
26,0.328,82.8,10.2,34.3,0.5,32.8
26,0.388,90.8,10.1,31,9.3,38.8
27,0.334,88.4,8.5,34.8,9.5,33.4
30,0.301,87.5,11.3,34.8,5.8,30.1
29,0.332,84.9,16.5,38.4,2.7,33.2
27,0.376,89.8,3.9,30.3,7,37.6
27,0.394,89.8,18.3,34.7,6.5,39.4
27,0.361,88.6,14.9,34.7,7.4,36.1
27,0.376,89.2,9.3,31.1,9.3,37.6
29,0.312,81.6,2.2,27.7,0.2,31.2
27,0.335,84.5,17.7,35.5,3.6,33.5
25,0.437,88.8,18,36.4,13.3,43.7
25,0.329,87.2,9.7,35.1,6.2,32.9
30,0.377,90.6,11.1,34.2,9.5,37.7
25,0.356,86.2,14.8,39,6.9,35.6
24,0.372,89.2,10.5,40.6,9.4,37.2
25,0.313,84.8,10.4,32.6,3.4,31.3
25,0.355,87.8,13,35.3,7,35.5
26,0.395,88.8,17.6,37.5,8.5,39.5
26,0.278,80.5,10.2,32.5,0.4,27.8
25,0.305,89.2,14,30.9,7.3,30.5
26,0.353,88.3,12.2,34.4,9.3,35.3
26,0.335,89.4,15.4,35.3,9.1,33.5
29,0.326,88.3,21,35.2,8.6,32.6
31,0.361,89.7,22.6,37.7,8.2,36.1
28,0.341,87.2,13.9,35.6,7.5,34.1
30,0.362,87.9,16.7,32,8.4,36.2
25,0.399,87,17,35.1,9.6,39.9
25,0.341,89.1,14.2,42.8,10.7,34.1
25,0.315,86.3,10.9,33.2,4.1,31.5
25,0.32,88.3,12.8,35.6,7.6,32
25,0.43,94.9,15.8,38.2,25.7,43
24,0.328,91.3,13.6,30.3,10.5,32.8
26,0.332,88.2,10.1,32.6,6.3,33.2
25,0.349,87.2,13.3,32.4,7.4,34.9
27,0.323,86.1,7.8,31.3,2.5,32.3
25,0.348,90.6,4.6,29.5,7,34.8
28,0.332,87.6,16.4,36.5,5.1,33.2
24,0.321,87.3,8.1,26.7,1.3,32.1
23,0.309,85,16.3,31.4,2.6,30.9
29,0.315,88.3,12.3,34.9,5.7,31.5
28,0.327,87.3,21.1,34.6,8.9,32.7
26,0.33,89.1,11.6,30,10.2,33
24,0.326,87.9,10.1,28.2,8.4,32.6
23,0.353,89,14.6,32.2,7.1,35.3
23,0.272,89.1,15.9,27.2,6,27.2
24,0.323,89.4,19.2,37.1,10.5,32.3
24,0.368,90.8,13.1,33.5,11.8,36.8
24,0.315,88.7,13.2,31.9,4,31.5
24,0.292,88.8,11.5,26.6,6,29.2
27,0.313,88.3,9.5,30.6,7.5,31.3
24,0.338,87.6,8.6,28.9,6.4,33.8
24,0.339,88.4,14.3,31.9,4.5,33.9
26,0.329,85,11.4,32.9,2.6,32.9
22,0.309,85.7,6.8,28.7,3.9,30.9
23,0.273,82.8,11.2,32.5,1.7,27.3
28,0.302,86,13,33.3,3.4,30.2
24,0.396,88.2,15,35.5,5,39.6
23,0.351,87.6,16.4,34.5,4.7,35.1
23,0.364,93.3,23,36,22.1,36.4
23,0.364,89.7,11.1,40.4,8.5,36.4
22,0.317,89,11.3,30.5,6.5,31.7
23,0.276,86.9,8.3,31.2,3,27.6
26,0.361,87.1,12.2,39.7,8,36.1
23,0.312,88.1,15,32.3,5.6,31.2
22,0.309,85.3,10.4,34.5,2.6,30.9
26,0.349,88.5,10.4,27.2,9.4,34.9
24,0.288,85.6,8,31.8,5.1,28.8
21,0.38,90.8,17.5,35.3,12.2,38
25,0.349,88.6,7.1,30.9,10,34.9
22,0.332,87.5,14.7,31.7,5.5,33.2
39,0.313,90,6,38.3,6.5,31.3
41,0.318,90.2,7.6,32.2,12,31.8
34,0.317,90.7,17.7,35.1,10.1,31.7
35,0.343,85.6,12.8,32.9,6.3,34.3
35,0.286,88,13,35.1,6.5,28.6
37,0.28,88.7,18.2,36.4,7.5,28
33,0.275,88.7,13.8,28.8,3.3,27.5
35,0.357,89.9,10,40.2,6,35.7
38,0.283,87.4,16.6,30.7,2.6,28.3
33,0.282,86.1,8.9,32.2,2.9,28.2
33,0.298,87.9,20.4,38.9,6.7,29.8
34,0.345,92.6,10.5,32.7,9.8,34.5
34,0.4,89.9,12.1,44.5,12.7,40
34,0.44,90.3,16.7,32.7,11.6,44
32,0.374,85.1,16.3,36.6,7.9,37.4
32,0.29,85.3,8.2,36.3,3.4,29
33,0.333,85.3,8.8,38.1,5.7,33.3
36,0.32,91.4,14.3,40.2,10.6,32
32,0.37,91.1,14.3,42.3,10.8,37
33,0.329,89.2,4,31.1,6.3,32.9
32,0.366,89.6,18.1,32.7,11.7,36.6
32,0.351,96,9,30.2,23.7,35.1
32,0.293,91.4,17.1,31,10.8,29.3
30,0.316,88,18.3,34.6,5.9,31.6
31,0.267,88.7,3.7,29.5,8.1,26.7
31,0.3,89.8,14.1,27,14.3,30
32,0.318,88,18.1,40.2,8.3,31.8
35,0.297,87.1,14.7,28.7,8.5,29.7
32,0.388,87.6,14,39.9,13.5,38.8
32,0.32,88.5,2.9,31.1,4.6,32
31,0.29,86.3,18.2,31.5,5.5,29
32,0.353,89.3,15,34.3,7.7,35.3
30,0.301,88.3,6.2,23.3,3.3,30.1
30,0.432,92.4,24.5,39.3,22,43.2
29,0.424,93,13.6,41.9,15.1,42.4
35,0.35,92.8,9.8,33,10.5,35
30,0.333,88,17.9,36.9,15,33.3
30,0.298,89.1,10.3,35.2,8,29.8
30,0.241,88.1,9.7,28.4,6.1,24.1
31,0.361,88.4,23,34.9,6.5,36.1
31,0.331,85.8,11.5,39.5,5.1,33.1
30,0.271,87.8,21.4,32.8,7.2,27.1
31,0.335,89.1,14.2,28.9,14.9,33.5
31,0.334,90.4,18.6,34.4,16.1,33.4
35,0.313,90.1,13,36.2,6.9,31.3
31,0.352,91,18.7,39.9,11.5,35.2
30,0.396,92.1,10.9,29,11.1,39.6
32,0.324,84.7,7.6,31.5,0,32.4
33,0.348,87.3,10.4,30.1,3.2,34.8
30,0.309,88.5,13.4,39.8,8.2,30.9
29,0.363,89.7,13.6,34.9,11.4,36.3
30,0.424,95.7,12.2,37.4,25.8,42.4
29,0.402,90.7,15.7,30.4,6.8,40.2
31,0.304,87.8,13.7,29.6,5.3,30.4
30,0.338,89.9,16.1,33.3,13.9,33.8
30,0.306,91.6,6.3,32.1,10.3,30.6
33,0.261,87.5,15.3,42.8,4.5,26.1
29,0.384,88.7,10.2,28.9,7.6,38.4
28,0.325,88.3,20.6,36.2,10.4,32.5
34,0.297,90.7,16.9,43,12.6,29.7
33,0.28,88.1,24.9,35.1,11.3,28
29,0.334,88,13.3,33.5,5.2,33.4
29,0.262,87.9,8.9,28.6,8.7,26.2
28,0.318,88.8,13.1,27.2,6.6,31.8
28,0.282,87.1,23.1,26,6.8,28.2
29,0.315,89.2,19.8,36.3,12.7,31.5
29,0.309,91,18.7,34.6,16.9,30.9
29,0.323,89.5,11.8,33.5,8.2,32.3
29,0.287,87.4,11.8,34.6,5.1,28.7
29,0.367,89.2,8.8,31.6,7.9,36.7
29,0.38,90.1,18.2,35.7,10.1,38
28,0.335,90.5,12.3,26.5,4.4,33.5
29,0.342,89.8,6,28.3,6.3,34.2
29,0.365,90.6,8.4,34.3,9,36.5
29,0.43,87.8,20.2,33.5,8,43
28,0.323,89.6,20.2,32.3,7.2,32.3
28,0.32,91,16.2,39.9,11.1,32
28,0.298,87.7,17.2,34.4,6.9,29.8
28,0.361,90,16.7,38.9,11.7,36.1
31,0.339,89.1,20.1,39.6,12.7,33.9
28,0.375,92,20.2,30.9,16.9,37.5
30,0.334,92.2,19.8,31.9,17.4,33.4
28,0.355,92.3,13.8,34,11.7,35.5
27,0.243,86.4,13.2,42.1,6.4,24.3
27,0.337,89.6,20.3,31.8,9.1,33.7
27,0.388,89.7,19.6,38.4,14.3,38.8
30,0.267,85,12,39.2,1.3,26.7
30,0.325,91.3,14.4,33.1,12.1,32.5
28,0.333,87.5,18.1,33.2,5.7,33.3
26,0.289,89.9,21.5,34,8.5,28.9
27,0.341,83.8,11.5,34,3.5,34.1
30,0.333,89.9,15.4,30.4,10.1,33.3
30,0.343,89.2,12.7,46.2,11,34.3
27,0.328,91.8,11.8,38.8,10.6,32.8
27,0.335,90.2,14.6,32.8,10.9,33.5
26,0.285,88.1,3.8,29.9,4,28.5
26,0.314,86.4,5,31.1,2.1,31.4
27,0.335,89.4,10.9,37.3,5.2,33.5
31,0.364,91,8,41.4,9.6,36.4
30,0.271,84.2,13.2,33.5,1.1,27.1
27,0.285,85.6,7,31.1,0.6,28.5
30,0.373,87.9,12.8,33.3,2,37.3
30,0.29,87.9,12.3,33.1,5.5,29
25,0.301,87.1,16.7,35.5,5.5,30.1
25,0.418,93.9,10.3,35.1,13.1,41.8
25,0.399,88.8,9.3,34.7,4.2,39.9
25,0.353,92.4,20.3,39.5,11.6,35.3
30,0.34,91.5,4.9,24.7,3.4,34
29,0.304,91.7,20.2,31.4,11.3,30.4
29,0.353,89.7,17.8,37.9,11,35.3
29,0.337,84.2,12,35.8,5.2,33.7
27,0.299,88.9,18.7,30.5,6.4,29.9
29,0.356,92.6,17.3,32.5,19.4,35.6
26,0.281,89.1,16,27.3,12.6,28.1
26,0.311,88.1,11.3,34,7.1,31.1
26,0.279,89.1,7.1,33.5,6.9,27.9
27,0.35,92.8,12.7,35.8,17.1,35
23,0.295,87.6,13.5,40,3.3,29.5
25,0.315,88.1,16.1,37.2,8.7,31.5
25,0.36,93.5,11.5,34.6,16,36
25,0.339,92.5,14.7,40.7,15.6,33.9
25,0.319,92,6.7,33.1,6.3,31.9
25,0.366,88.8,20.7,39.3,11.2,36.6
25,0.275,86.4,12,28.9,6.6,27.5
25,0.299,88.9,3.3,29.3,7.7,29.9
26,0.331,90,8.7,35.8,8.1,33.1
27,0.37,90.3,11.5,30.7,9.1,37
27,0.385,89.1,10,36.2,6.1,38.5
28,0.302,83.4,17.4,28.8,3.7,30.2
27,0.256,85.7,7.8,32.5,0.5,25.6
25,0.283,89.8,10.4,44.6,7.8,28.3
29,0.301,90.4,16,33.3,11.3,30.1
28,0.339,91.7,10.4,34.7,11.6,33.9
23,0.371,94.3,4.8,29.4,12.4,37.1
23,0.354,89.7,5.6,25,12.5,35.4
24,0.353,90.2,15,37.4,16.5,35.3
24,0.336,86.8,9.5,34.9,5.9,33.6
24,0.316,91.2,7.9,33.5,8.6,31.6
29,0.326,92.2,14.6,40.3,10.2,32.6
28,0.322,90.7,14.7,34.1,5.1,32.2
27,0.307,89.8,7.1,26.9,6.5,30.7
27,0.336,88.1,9.1,36.5,5.6,33.6
24,0.286,89.2,11.7,37.8,8.9,28.6
27,0.3,88.7,15.2,35.2,10.5,30
27,0.341,88.8,9.2,30.3,6.4,34.1
27,0.341,90.2,18.4,43.3,11.5,34.1
27,0.317,87.1,14.2,40.5,5.1,31.7
26,0.344,89.4,10.9,32.3,6.7,34.4
27,0.252,84.2,4.9,29.3,1.1,25.2
25,0.437,95.9,11.3,40.4,16.9,43.7
23,0.379,90.3,10.6,35.4,9.1,37.9
24,0.333,90,7.7,31.7,10,33.3
26,0.303,83.7,19.6,33.5,5.4,30.3
21,0.337,91.1,9.1,29.9,10.9,33.7
22,0.319,91.4,16.3,29.8,10.1,31.9
22,0.267,88.8,12.9,31.4,7.1,26.7
25,0.315,87.9,10.8,39.3,3.7,31.5
40,0.42,93.2,16.9,39.3,15.5,42
37,0.371,90.1,14.5,34.2,8.5,37.1
39,0.358,90.1,12.6,32.5,6.8,35.8
37,0.327,91.4,15,31.9,7.4,32.7
37,0.351,90,15.5,37.8,8.4,35.1
37,0.312,87.7,11.9,35.6,4.3,31.2
36,0.331,91.6,11.7,31.5,9.2,33.1
33,0.327,89.8,3.7,36.5,6,32.7
33,0.399,93.6,12.3,40.1,15.9,39.9
34,0.334,88.2,9.6,38.9,4.6,33.4
35,0.315,86.4,10.3,35.1,2.7,31.5
31,0.297,88.3,9.2,31.4,5.8,29.7
33,0.342,87.8,9.4,35.5,3.6,34.2
33,0.37,90.1,11.5,32.9,7.3,37
33,0.373,90.8,15.8,35.9,12.3,37.3
35,0.355,91.5,14.8,30.6,8.3,35.5
30,0.319,88.7,14.7,31.8,8,31.9
33,0.322,89.2,10,29.4,9.3,32.2
35,0.339,87.8,18.7,33.8,6.9,33.9
34,0.324,85.7,12.4,36.1,3,32.4
32,0.367,90.6,9.3,29.6,10.4,36.7
33,0.339,92.8,11.3,34.5,10.8,33.9
32,0.303,90.5,1.7,26.9,5.8,30.3
34,0.343,89.6,18.5,33.2,13.3,34.3
34,0.356,87.1,18.3,37.4,3.8,35.6
30,0.336,90.7,4.8,28.4,7.5,33.6
35,0.383,94.6,11.2,34.8,16.5,38.3
30,0.358,92.8,15.1,31.8,15.6,35.8
29,0.278,84,9.4,31.7,1.4,27.8
32,0.335,87.9,8.6,31.2,1.3,33.5
30,0.35,90.8,18.2,38.1,12.1,35
30,0.312,86.3,15.2,31.4,2.3,31.2
30,0.34,91.1,17.2,35.7,15.1,34
35,0.36,89.2,9.5,32.5,4.5,36
30,0.367,88.1,12.4,37.1,5.6,36.7
32,0.312,87.2,11.9,33.6,5.9,31.2
32,0.312,86,6.6,29.5,2.8,31.2
30,0.345,88.9,15.5,36.4,5.7,34.5
32,0.308,86.9,10.7,30.8,1.7,30.8
31,0.327,90,14.2,33.7,9.6,32.7
29,0.394,87.7,15.2,39.1,6.8,39.4
30,0.326,89.1,20.5,31.7,10.1,32.6
32,0.321,90.7,10.7,37.7,4.9,32.1
32,0.358,88.6,8.6,35.3,2.5,35.8
29,0.324,89.6,8.4,28.8,4.4,32.4
29,0.329,89.6,16.5,32.3,8.5,32.9
28,0.329,91.3,15.5,33.3,12.5,32.9
31,0.353,90.6,17,37.4,8.8,35.3
29,0.341,90.5,9.9,32.6,6.9,34.1
29,0.294,90.1,14.8,26.6,8.2,29.4
29,0.34,88.9,14.8,35.8,8.4,34
32,0.413,89.6,11.6,40.5,9.7,41.3
32,0.317,86.5,7.4,27.8,2.4,31.7
29,0.348,90,11.1,33.2,7.7,34.8
32,0.378,90,4.6,27.2,8.4,37.8
32,0.303,87.8,15.2,35.2,8.7,30.3
31,0.333,88.2,14.5,37.2,11.1,33.3
27,0.344,87.4,9,32.4,1.8,34.4
31,0.342,89.5,11.2,33.6,2.1,34.2
28,0.361,90.8,4.8,32.7,7.4,36.1
30,0.37,90.8,14.4,29.3,9.8,37
30,0.361,90.2,9,32.2,8.6,36.1
29,0.304,86.9,11.1,27.9,2.2,30.4
28,0.374,87.2,21.2,42.2,11.3,37.4
29,0.346,91.7,18.6,36.3,17.6,34.6
29,0.299,88.6,11.2,33.3,4.1,29.9
33,0.327,89.3,1.9,27.8,2.8,32.7
30,0.369,91.7,16.3,32.9,9.8,36.9
34,0.264,84.5,9,30.9,0.5,26.4
28,0.349,92,13.3,31.5,17,34.9
28,0.384,91.5,13.4,38,14.2,38.4
31,0.342,90.1,9.8,35.2,7.8,34.2
31,0.408,90.7,16.8,36.3,8.5,40.8
28,0.382,91,11,33,7.8,38.2
27,0.298,89.3,9.3,30.3,5.4,29.8
26,0.391,88.3,11.4,39.3,6.9,39.1
26,0.335,87,5,29.9,1.8,33.5
26,0.371,89,7.9,31,5.9,37.1
26,0.313,88.5,8.9,32.3,5.4,31.3
27,0.351,87.5,9.2,35.8,5.4,35.1
30,0.403,92.2,14.9,32.4,12.3,40.3
26,0.402,91.3,17.3,44.7,13.2,40.2
26,0.282,86.8,10.7,28.9,3,28.2
27,0.391,91.8,6.1,36.2,4.9,39.1
30,0.362,87.6,14.5,37.6,7.4,36.2
30,0.307,90.6,14.4,33.6,9.6,30.7
26,0.391,89.1,16.3,31.6,9.2,39.1
31,0.305,85.9,19.4,40.7,5.1,30.5
26,0.284,87.4,13.6,33.9,2.8,28.4
26,0.308,88.8,18.9,29.5,6.3,30.8
29,0.336,90,13.6,38.9,7.5,33.6
25,0.319,85.5,8.2,31.5,0.7,31.9
25,0.33,90.8,10.9,32.3,7.8,33
25,0.356,90.3,4.7,28.8,6.4,35.6
29,0.327,88.9,12.9,33.8,5.4,32.7
28,0.301,86.5,13,36.6,2.1,30.1
26,0.326,92,4,26,9.2,32.6
29,0.347,89.9,14.8,38.2,6.7,34.7
26,0.333,90.6,12,29.6,9.7,33.3
26,0.342,91.1,16.9,35.4,5.9,34.2
25,0.315,88,15.4,31.8,6.7,31.5
26,0.31,88.7,16,34.2,8,31
26,0.353,89.4,8.8,32.1,10.5,35.3
26,0.319,86.1,14.6,32.4,2.9,31.9
24,0.418,90.9,13.8,37.6,14.4,41.8
24,0.338,87.7,10.3,30.7,4.2,33.8
23,0.343,88.9,15.2,30.1,7.3,34.3
28,0.298,87.6,12.9,30.3,5,29.8
29,0.349,89.7,10.3,32.7,7.9,34.9
24,0.316,86.6,16,38.3,6.3,31.6
24,0.331,89.9,14,34.5,6,33.1
24,0.32,87.4,11.9,29.7,6.9,32
25,0.386,89.5,18.8,32.7,9,38.6
26,0.315,86.9,12.3,34.4,3.9,31.5
25,0.352,91.3,10.4,34.6,11.5,35.2
25,0.341,88.6,10.1,36.7,7,34.1
25,0.345,88.3,13.7,33.4,8.6,34.5
28,0.363,90.4,16.7,36.3,9,36.3
30,0.375,90.7,18.1,43,11.3,37.5
27,0.319,89,18.1,34.1,11.1,31.9
29,0.37,88.1,18.8,31.2,8.3,37
26,0.283,83.6,8.3,29,0.7,28.3
27,0.256,88.1,8,29.8,1.1,25.6
24,0.396,89.3,20.8,36.3,11.7,39.6
23,0.366,90.3,14.5,34.9,9.3,36.6
25,0.333,88.6,9.8,28.4,3.9,33.3
24,0.367,92.6,2.7,31.9,9.7,36.7
23,0.348,89,11,28,5.3,34.8
28,0.34,89.8,15.1,36.2,6.2,34
27,0.333,88.6,19.2,36.1,12.1,33.3
27,0.344,89.1,4.9,31.1,3.1,34.4
22,0.34,88.7,7.9,34.6,4.1,34
22,0.336,89.6,14.3,31.2,7.8,33.6
23,0.316,89.3,12.4,27,2.4,31.6
23,0.311,89.5,11.8,28.6,6.9,31.1
26,0.354,90.3,10.1,29,8.6,35.4
23,0.379,89.7,12.5,31.7,5.2,37.9
25,0.3,86.3,13,30.6,4.5,30
27,0.295,87.1,11.6,27.8,3,29.5
23,0.355,88.4,13.2,35,3,35.5
22,0.316,87.6,15.2,32.3,9.3,31.6
22,0.372,91.1,10.3,37.5,8.3,37.2
21,0.318,88,8.6,32.6,6.8,31.8
31,0.308,89,7.9,30.1,5.2,30.8
21,0.349,91,7,32.9,7.7,34.9
25,0.345,90.6,10,33.7,10.6,34.5
39,0.281,87.8,14.1,35.1,4.7,28.1
35,0.319,91.1,4.4,36.9,5,31.9
35,0.355,89.3,6.1,35.9,11.1,35.5
35,0.323,88.2,15.4,37.6,5.5,32.3
35,0.346,89.9,18,34.1,11.2,34.6
32,0.315,88.3,13.2,35.6,4.9,31.5
36,0.298,85.3,17.7,36.6,3.1,29.8
32,0.315,90.1,0.1,28.5,7,31.5
37,0.361,93.9,12.8,31.3,13.8,36.1
30,0.368,91.5,6.7,32.9,7.8,36.8
31,0.261,84.6,10.6,30.3,2.1,26.1
33,0.301,85.1,4.2,31.8,1.8,30.1
32,0.295,88.5,13.6,32.6,7.6,29.5
32,0.239,89.3,15.1,35.5,10.3,23.9
37,0.355,89.9,9,35,3,35.5
32,0.332,90,14.6,33.1,7.2,33.2
31,0.368,87.5,12,34.9,6.5,36.8
34,0.345,90.6,10.1,38.4,3.1,34.5
31,0.292,88.3,9.4,27.2,3.4,29.2
32,0.359,89.1,4.9,30.9,3.4,35.9
31,0.347,90,13.4,36.2,8.4,34.7
30,0.348,90.7,11.9,34.7,14,34.8
34,0.37,88.1,13.4,45.9,6.7,37
34,0.305,88,9.4,30.6,2.8,30.5
34,0.305,88.5,10.9,36.5,6.8,30.5
33,0.348,89.6,15.8,42.1,11,34.8
32,0.333,88.9,15.4,30.1,6.9,33.3
32,0.338,89.7,9,30,6.2,33.8
31,0.319,87.8,15.7,36.9,9.8,31.9
31,0.349,89.5,15,36.9,10.8,34.9
34,0.347,89.2,17.4,38,5.3,34.7
31,0.359,90.2,9.5,38.3,3.5,35.9
34,0.323,89.3,11.5,32.6,1.9,32.3
30,0.284,87.1,14.1,30,4.5,28.4
29,0.281,84.7,9.3,35.2,0.9,28.1
29,0.346,86.5,18.9,38.6,8.3,34.6
29,0.356,91,8.1,37.5,9.4,35.6
30,0.365,92.5,18.1,37.7,17.2,36.5
30,0.359,93,6.6,38.7,10.1,35.9
30,0.427,93,10.8,40,16,42.7
30,0.39,90.8,15.7,37.1,13.6,39
29,0.318,89.1,11.3,35.7,6.8,31.8
28,0.363,87.2,10.1,34,5.9,36.3
28,0.32,85.8,11.5,30,4.2,32
28,0.327,87.7,7.8,30,3.6,32.7
28,0.315,88.5,8.4,32,6.9,31.5
29,0.337,88.4,8.9,31.5,7.5,33.7
28,0.326,87.4,15.8,34.1,6.1,32.6
28,0.378,89.1,14.5,44.7,9.3,37.8
29,0.352,88.9,14.1,32.9,11.6,35.2
29,0.322,91.3,5.9,31.3,5.2,32.2
29,0.329,89.5,19.9,31.3,8.8,32.9
28,0.359,90.1,14.7,36.2,6.5,35.9
28,0.36,93.7,11.7,30,15.1,36
28,0.294,88.6,13.7,32.3,3.9,29.4
28,0.304,91.3,18,35.4,10.8,30.4
27,0.308,84.9,10.9,32.8,1.5,30.8
27,0.327,91.5,10.8,30.3,9.7,32.7
27,0.312,88.5,3.2,27.2,5.1,31.2
28,0.374,89.8,16.2,38.2,11.4,37.4
31,0.306,87.5,11.3,37.2,3.6,30.6
28,0.347,88,15.2,34.3,12.2,34.7
28,0.36,89.7,13.2,34.2,8.8,36
28,0.309,88.7,-1.5,26.3,5.9,30.9
31,0.308,86.9,17.8,34.4,6.6,30.8
28,0.383,90.7,17.9,39.8,10.3,38.3
27,0.307,86.8,15.5,34.9,4.5,30.7
28,0.351,88.9,16.9,31.2,10.3,35.1
28,0.34,88.6,9.5,30.1,8.9,34
30,0.277,83.2,5.8,30.2,0.2,27.7
28,0.35,87,16,32.8,4.7,35
26,0.447,91.2,18.6,41,16.5,44.7
26,0.315,86.7,13.2,28.8,4.9,31.5
25,0.376,91,14.4,35.1,11.5,37.6
31,0.337,91.3,12.2,35.4,9.1,33.7
26,0.376,91.2,14.8,38.6,9.7,37.6
26,0.353,88.9,20.1,33.6,9.4,35.3
26,0.297,86.7,9.3,35.1,3,29.7
27,0.391,89.8,15.3,35.6,7.2,39.1
27,0.307,87.1,12.4,35.7,3.5,30.7
28,0.362,87.3,14,37.5,5.8,36.2
27,0.277,80.5,15.3,36.6,0.5,27.7
27,0.367,90.2,12.7,36.5,10.3,36.7
27,0.351,88.5,13.2,34.3,9.6,35.1
30,0.288,89.8,18.5,37,5.6,28.8
32,0.375,90.7,21.6,44.1,13.7,37.5
29,0.341,87.9,15.1,37.6,6.1,34.1
31,0.304,86.8,17.5,30.5,6.3,30.4
26,0.321,88.2,8,28.9,7.3,32.1
26,0.363,89.6,15.2,45.3,11.2,36.3
26,0.296,89.6,12.3,32.2,7.1,29.6
25,0.377,91.6,14.4,33.8,11.3,37.7
27,0.353,88.9,14.5,39.8,9,35.3
26,0.34,87.7,17.8,32.5,8.3,34
28,0.326,88.2,7.8,28.3,4.1,32.6
26,0.422,92.6,5,36.7,12.9,42.2
29,0.349,87,16.9,40.9,4.6,34.9
25,0.374,90.6,12.6,32.9,9.8,37.4
30,0.283,90.4,12.1,34.3,9.3,28.3
25,0.341,87.3,12.4,33.6,5,34.1
25,0.366,90.6,9.6,33.1,12.6,36.6
24,0.368,90.6,14.7,34.3,9.3,36.8
24,0.325,90.7,13.9,30.5,7.1,32.5
25,0.384,91,15.9,38.2,12.7,38.4
25,0.316,89.5,16.3,30.1,6.6,31.6
28,0.31,92.2,12.3,35.2,10.3,31
24,0.311,87.1,15.3,32,6,31.1
28,0.3,86.9,11.9,36.3,5.1,30
25,0.333,90.2,8.7,29.2,5.8,33.3
25,0.336,90.2,9.4,29.6,7,33.6
25,0.449,92.2,18.5,39.4,14.1,44.9
25,0.339,85.8,3.7,32.2,1.5,33.9
25,0.328,91.8,17,34.8,15.5,32.8
24,0.319,85.8,15,38.2,2.5,31.9
24,0.33,88.8,5.8,28.8,5,33
25,0.385,89.9,10.7,33.4,6.5,38.5
25,0.331,89.1,9.3,29,5.8,33.1
29,0.302,87.3,16.8,39.3,5.7,30.2
25,0.391,89,19,34.3,8.3,39.1
24,0.396,89.4,16.8,37.9,7.6,39.6
24,0.343,94.3,21.9,37.5,22.5,34.3
23,0.324,90.5,5.3,28.2,8.5,32.4
23,0.361,89.2,12.3,34.6,6.3,36.1
24,0.293,88,14.1,32.1,4.1,29.3
27,0.335,88.9,16.4,39.5,8.3,33.5
28,0.338,88.8,10.7,31.8,2.7,33.8
24,0.34,93.3,18.1,35.1,12.2,34
27,0.323,86.8,4.8,33.7,1.2,32.3
23,0.288,89.4,11.5,34,3.3,28.8
24,0.346,88,12.6,31.2,5,34.6
25,0.342,88,12.5,36.3,9.5,34.2
25,0.294,85.8,10.8,33.3,4.7,29.4
22,0.345,89.8,16.2,32,8.6,34.5
26,0.308,89.9,5.4,27.6,11.8,30.8
22,0.29,87.8,7.9,32.4,3.9,29
23,0.357,88.6,12.8,37.3,6.4,35.7
21,0.324,86.8,16.1,34,4.7,32.4
25,0.369,93.1,14.9,30.5,8.9,36.9
25,0.364,89,22.6,35.8,11.4,36.4
25,0.343,90.9,12.3,34,12.7,34.3
23,0.311,91,15.4,36.4,9.6,31.1
38,0.305,91.4,10,32.8,8.3,30.5
40,0.346,92.9,11.8,31.8,13.6,34.6
33,0.314,89.3,5.3,27.2,5,31.4
34,0.333,87.6,10.2,32.6,7,33.3
34,0.335,88.8,14.6,33.6,9,33.5
36,0.358,90.9,19.2,36.5,7.9,35.8
37,0.391,92.9,18.2,44.3,17.2,39.1
32,0.27,87.8,8.1,34,2.1,27
35,0.294,89.9,12.9,28,6.8,29.4
37,0.311,90.7,16.4,36.5,9.3,31.1
34,0.347,89.5,9.9,38.8,5.8,34.7
37,0.363,89.8,13.4,31,3.4,36.3
32,0.311,86.2,11.5,32.4,2.8,31.1
32,0.334,87,20.8,38,8.9,33.4
33,0.318,90.8,7.6,35.6,10,31.8
33,0.364,92.1,16.9,41.2,12.5,36.4
33,0.373,92.6,17.1,36.9,13.6,37.3
31,0.357,87.7,15.6,32.1,6.4,35.7
31,0.302,87.4,10.7,32.6,6.8,30.2
31,0.338,87.2,5.8,31.1,5.9,33.8
32,0.364,87.6,4.6,32.6,8.4,36.4
35,0.353,94.1,14.6,30.2,17.4,35.3
31,0.379,91.4,12,37.2,11.5,37.9
32,0.315,90.6,5,33.3,3.7,31.5
31,0.339,90.1,14.8,31.4,7.7,33.9
31,0.37,95.1,10.3,32.6,15.7,37
31,0.359,93,15.9,34.1,16.3,35.9
30,0.346,90.4,9.3,35.9,12.2,34.6
30,0.32,88,7,29.9,7.4,32
31,0.334,89.6,19,34.7,8.5,33.4
34,0.377,88.8,14.7,35.8,11.5,37.7
31,0.383,88.8,15.8,31.9,11.5,38.3
31,0.337,87.8,21.1,39.5,7.6,33.7
33,0.325,87.2,14.5,39.5,4.4,32.5
31,0.319,90.5,3.3,26.6,5.8,31.9
30,0.368,89.7,20.3,35.2,9.8,36.8
29,0.3,89.8,16.1,30.4,8.5,30
28,0.431,92.5,13.3,38.9,18.1,43.1
34,0.354,92,10.4,31.2,10.2,35.4
29,0.306,89.1,18.3,33,15,30.6
29,0.324,88.1,10.8,30.1,6.8,32.4
30,0.336,89,20,34.1,6.7,33.6
30,0.316,87.2,15.8,36,4.3,31.6
30,0.34,89.3,14.8,33.6,12.6,34
29,0.338,90.8,17.9,36.5,8.4,33.8
30,0.379,91.2,15.2,34.9,16.1,37.9
33,0.308,89,19.5,35.7,12.3,30.8
30,0.286,89.4,12.1,30.6,6.6,28.6
30,0.326,89.5,19.4,33.1,10.3,32.6
31,0.304,85.4,11.3,35.5,3.4,30.4
29,0.356,88.2,15.1,37.1,10.3,35.6
32,0.333,87.3,13.5,36.1,7.1,33.3
29,0.391,89.8,14,44,10.6,39.1
29,0.387,95.8,11.6,38.5,17.6,38.7
28,0.35,93.1,14,33.8,13.3,35
30,0.336,89.6,11.5,31.2,8.6,33.6
29,0.344,90.1,15.6,32.7,14.4,34.4
32,0.306,86.9,14.1,40,3.5,30.6
28,0.368,89.6,12.5,36.4,9.7,36.8
27,0.349,89.4,19.3,36.1,10.1,34.9
28,0.332,93.4,17.6,32.3,17.7,33.2
32,0.324,89.8,23.6,33.3,16.1,32.4
28,0.344,90.1,10.6,32.7,13.4,34.4
27,0.317,90.7,14.4,35.6,8.2,31.7
28,0.341,90.6,17.5,34.2,9.9,34.1
27,0.344,88.7,12.6,38.6,9,34.4
28,0.352,92.5,4.9,28.5,8.8,35.2
28,0.365,90.3,18.9,34,7.8,36.5
27,0.305,85.7,-4.4,19.9,2.1,30.5
28,0.369,91.8,13.1,37.4,13.9,36.9
28,0.386,89.6,11.4,34.6,7.4,38.6
28,0.372,90,18.3,33.4,11.1,37.2
27,0.348,91.5,22.7,29.4,18.5,34.8
27,0.322,89.3,14.1,36.8,11.4,32.2
27,0.249,85.3,9.9,32,1.6,24.9
30,0.338,88.2,17.4,38.1,10.2,33.8
26,0.364,90.2,12.1,33.5,9.4,36.4
27,0.379,91.6,16.2,32.4,12.7,37.9
26,0.363,91,14.7,34.5,14.8,36.3
29,0.341,85.4,12.6,38.9,1,34.1
29,0.323,91.2,15.7,30.9,12.7,32.3
27,0.341,88.6,12.5,35.8,7.2,34.1
26,0.327,89.3,21.7,36.1,8.7,32.7
28,0.345,89.6,4.3,32.5,7.8,34.5
26,0.314,86.3,9.8,34.3,2.4,31.4
29,0.293,89.9,15.8,33,8.8,29.3
29,0.326,88.9,9.7,36,10.4,32.6
26,0.334,90.5,14.3,40.2,7.3,33.4
26,0.384,93,17.8,39.9,17.9,38.4
25,0.315,88.8,5.6,32,2.8,31.5
25,0.349,89.5,16.8,35.1,11.4,34.9
26,0.328,89.6,15.4,38.5,8.9,32.8
26,0.293,85.5,5.4,31.6,1.8,29.3
24,0.336,89.6,21.1,37,9.3,33.6
24,0.373,92.9,13.1,35.2,15,37.3
24,0.34,87.9,14.2,34.9,9.3,34
24,0.307,87.1,14.2,37.1,7.8,30.7
29,0.325,89.9,6.6,28.9,7,32.5
28,0.311,89.7,18.6,32.1,13.7,31.1
26,0.372,89.4,14.8,35.7,8.1,37.2
25,0.318,87.2,9,33.6,5.1,31.8
25,0.334,90,7.7,34.9,7.3,33.4
26,0.347,90.1,11.3,40,8.2,34.7
26,0.393,93.6,16.6,35.4,22.3,39.3
24,0.379,90.1,14.2,36.5,13.3,37.9
24,0.335,89.1,16.3,38.9,11.8,33.5
24,0.383,91.4,17.6,42,11.6,38.3
24,0.363,87.6,13.1,33.6,9.6,36.3
24,0.32,88.8,12.3,31,5.2,32
25,0.337,90.8,5,31.4,9.5,33.7
26,0.328,89.5,9.9,30.8,10.9,32.8
26,0.353,88.5,11,35.9,6.8,35.3
26,0.363,89.3,16.9,37.2,14,36.3
27,0.273,82.3,8.4,30.4,0,27.3
26,0.311,87.1,11.9,42.4,1.3,31.1
27,0.357,89.6,7.8,33.6,11.3,35.7
22,0.403,93.9,13.8,33.1,21.3,40.3
22,0.419,95.1,9.4,33.7,15.1,41.9
22,0.42,93,5.8,29.7,13.3,42
23,0.312,90.2,9,29,9,31.2
23,0.354,91.4,7.3,33.5,9.9,35.4
22,0.336,88.2,15.1,40.6,7,33.6
28,0.314,91,14.7,29.4,11.5,31.4
27,0.333,89.7,10.5,35.8,9.6,33.3
26,0.35,89.9,7.6,29.7,8.2,35
26,0.385,89.4,13.4,39.9,10.4,38.5
27,0.327,88.2,8.4,40.7,4.8,32.7
26,0.301,87.5,9.5,31.5,4.2,30.1
26,0.299,86.9,7,29.3,6.5,29.9
25,0.328,88.8,12.5,32.2,9.1,32.8
26,0.329,86.8,2.8,27.6,0.7,32.9
24,0.37,93.2,14.1,37.2,15.9,37
39,0.304,88.5,10.8,28.5,5,30.4
39,0.379,93,15.7,34.8,13.1,37.9
39,0.361,91.4,12,31.4,10.9,36.1
37,0.309,87.4,15.8,33.5,5.6,30.9
36,0.337,89.5,12.6,35.7,5.5,33.7
38,0.346,90.6,15.6,34.1,5.8,34.6
36,0.283,85.8,16.4,32.1,2.5,28.3
35,0.333,90.7,14.2,29.5,7.7,33.3
37,0.317,86.3,12.1,33.9,8.5,31.7
32,0.311,89.5,4.4,33.3,3.7,31.1
32,0.413,93.8,12.2,35.8,10.6,41.3
33,0.354,88.8,14.2,40.7,8.4,35.4
34,0.315,86.2,10.7,32.6,2.3,31.5
32,0.3,84.6,13.3,28.1,0.2,30
33,0.323,88.1,13.4,35.2,4.4,32.3
32,0.365,90.9,7.7,33.5,8.4,36.5
32,0.287,86.3,10.4,32.6,2.3,28.7
31,0.36,90.9,9.9,29.4,6.4,36
32,0.335,91,5.5,32.4,7.3,33.5
32,0.392,90.1,16.5,31.1,10,39.2
35,0.308,91.3,14.9,42.5,11.7,30.8
34,0.389,92,16.9,29.9,12.6,38.9
29,0.334,88.2,11.3,27.5,8.9,33.4
31,0.28,85.7,6.6,31.3,0.9,28
32,0.34,89.2,9.8,26.8,8.2,34
34,0.357,89.4,18.4,40.9,8.3,35.7
33,0.281,86.3,11.6,32.9,0.7,28.1
32,0.364,91.9,10.2,34.3,8.9,36.4
33,0.335,86.1,17.7,36.6,2.7,33.5
31,0.327,89.5,17.5,29.1,5.3,32.7
29,0.325,88.9,14,33.3,4.8,32.5
29,0.294,90.8,6.4,25.9,6.9,29.4
34,0.396,92.7,9.3,35.4,14.1,39.6
29,0.327,92,13.3,31,9.8,32.7
27,0.38,91.6,6.7,35.4,8,38
28,0.271,84.6,9.6,30.4,0.9,27.1
31,0.318,89,9.1,33.8,2.3,31.8
29,0.359,91.7,19.8,40.2,11.6,35.9
29,0.327,89.6,15.4,33.5,8.5,32.7
29,0.39,92,17.5,39.7,17.3,39
34,0.349,88.6,8.2,29.3,3.6,34.9
29,0.333,87.2,12.2,32,4.5,33.3
31,0.307,86.8,11.9,36.7,5.1,30.7
31,0.351,89.5,10.7,31.4,7.2,35.1
29,0.319,88.3,17.3,32.1,5.4,31.9
30,0.335,90,12.7,31.4,5.3,33.5
28,0.345,86.8,15,35.4,3.7,34.5
29,0.342,89.6,18.8,32.7,9,34.2
31,0.327,88.3,6.8,30.6,0.8,32.7
29,0.311,89.4,8.5,30.8,7.5,31.1
29,0.36,90.2,9.5,35.4,5.5,36
28,0.38,90.6,13.9,41,9.3,38
28,0.305,89.6,7.3,34.4,3.8,30.5
27,0.34,89.8,16.2,28.6,10.1,34
28,0.307,88.2,2.1,26.8,2.7,30.7
28,0.363,89,10.9,33.6,6.1,36.3
28,0.309,89.7,15.6,34.2,8.1,30.9
31,0.427,90.2,11.5,42.7,10.9,42.7
30,0.337,88.5,11,32.8,5.5,33.7
31,0.327,88.8,11.1,32,4,32.7
31,0.366,92.2,7.6,31.7,10.7,36.6
31,0.308,89.1,19.8,34.9,11.7,30.8
30,0.325,89.5,12,34.4,8.3,32.5
29,0.321,89.8,13.6,33.5,7.9,32.1
26,0.292,87.3,10.1,28,1.5,29.2
29,0.341,88.2,6.9,33.4,4.1,34.1
30,0.307,89.6,9.7,30.9,2.4,30.7
28,0.288,88.1,9.9,28.7,4.8,28.8
27,0.265,90.5,4.5,30.1,6.3,26.5
29,0.331,89.2,12.5,28.2,7.2,33.1
28,0.334,88.2,9.3,32.8,3.2,33.4
29,0.364,90.3,9.1,30.6,10.5,36.4
27,0.359,89.8,16.3,46.4,10,35.9
28,0.368,89,9.5,36,3.9,36.8
32,0.349,89.7,4.3,29.9,3,34.9
27,0.298,89.9,11.7,29,6.9,29.8
29,0.367,92.2,12.2,32.4,11.1,36.7
33,0.279,84.7,8.6,32.2,1,27.9
27,0.324,88.1,11.5,29.1,2.1,32.4
27,0.372,91.3,16.2,39.9,17.3,37.2
28,0.338,88.4,14.8,32.1,5,33.8
30,0.325,89.9,11.9,32.3,4.7,32.5
27,0.418,92,12.9,39.2,12.5,41.8
25,0.347,86.1,11.2,31.2,3.1,34.7
25,0.268,86.9,4.3,25.4,1.3,26.8
25,0.288,86.3,7.1,28.2,4.3,28.8
26,0.337,87.8,5.5,32.8,6.7,33.7
29,0.398,92.5,10.5,31.1,12.2,39.8
25,0.346,89.1,4.6,23.9,2.8,34.6
26,0.327,90.5,2.9,32.7,1.9,32.7
29,0.348,91.4,11.5,35.4,10.4,34.8
26,0.353,89.4,15.2,30.3,6.4,35.3
26,0.309,87.1,14,31.4,2.3,30.9
27,0.316,83.1,5.1,34.9,0,31.6
25,0.384,88.7,17.3,35.7,8,38.4
30,0.335,86.9,16.4,33.7,5.6,33.5
25,0.283,86.1,13.2,33.2,2.1,28.3
25,0.3,87.3,13,32.8,5.3,30
28,0.35,88.4,15.4,33.6,3.7,35
23,0.304,86.4,14.6,32.1,1.9,30.4
24,0.295,88.5,6.7,34.1,4.8,29.5
24,0.325,85.5,6.8,28.8,1.3,32.5
25,0.317,83.2,8.1,26.9,0.5,31.7
28,0.332,90.3,8.6,34.2,8.7,33.2
27,0.303,85.8,10,30.1,1,30.3
24,0.304,88.2,6.1,30.4,2.3,30.4
25,0.355,89.8,6,29.9,7.1,35.5
28,0.355,89.4,9.2,35.9,2.8,35.5
25,0.306,90,7.3,30.6,4.7,30.6
24,0.311,87.1,13.6,37.1,4.5,31.1
27,0.337,84.4,2.1,28.6,1.1,33.7
24,0.31,87.4,11.2,31.9,3,31
25,0.303,85.4,10.4,33.4,1.6,30.3
23,0.415,92.9,14,38.9,16.4,41.5
23,0.333,88.7,7.5,33.1,3.2,33.3
22,0.461,91.4,14.7,37.1,12.9,46.1
28,0.361,91,9.9,30.4,9.3,36.1
23,0.304,89.9,10.4,30.5,4.4,30.4
24,0.371,90.6,16.3,33.7,8.3,37.1
27,0.322,86.6,7.8,31.7,0.6,32.2
23,0.255,86.9,14.6,32.8,2.6,25.5
27,0.371,88.9,8.9,31.2,5.7,37.1
27,0.335,89.3,16.8,36.1,7,33.5
24,0.274,88.7,9.8,32.8,6.3,27.4
29,0.372,88.9,16.9,42.4,9.1,37.2
28,0.323,87.2,19.1,34.2,5.9,32.3
23,0.371,89.7,19.6,33.7,11.5,37.1
23,0.311,88.3,16.9,37.5,7.7,31.1
22,0.37,91.4,12.8,29.7,7.6,37
23,0.335,91.2,13.8,28.3,11.8,33.5
25,0.29,86.4,3.5,27.8,1,29
23,0.343,91.7,0.1,30.1,4.8,34.3
22,0.338,88,6.8,28,2.5,33.8
27,0.317,86.2,11.6,35.6,6.8,31.7
26,0.346,88.1,7.5,26.7,3.1,34.6
28,0.317,88.9,10.6,29.6,7.1,31.7
25,0.309,87.6,9,29.7,2.4,30.9
22,0.351,90.4,15.4,33.4,5.5,35.1
25,0.287,87.1,9.8,33,3.3,28.7
26,0.31,85.8,14.1,28.4,1.8,31
21,0.304,86.7,15.1,34.3,5.2,30.4
24,0.331,88,7.5,32.4,4,33.1
37,0.323,93.2,12.1,36.8,9.7,32.3
39,0.411,91.6,9.4,39.4,15,41.1
32,0.333,89.2,6.4,29.4,5,33.3
34,0.308,91.7,10.7,29.9,11.5,30.8
34,0.319,89.5,13.7,30.5,6.5,31.9
33,0.34,86.9,13.5,38.5,4.9,34
32,0.357,88.5,15.5,43.4,4.6,35.7
33,0.327,89.7,18.2,36.5,8.2,32.7
36,0.347,87.4,15.4,36.4,9.1,34.7
34,0.316,88,12.2,32.3,6.7,31.6
33,0.362,88.7,10.2,34.5,4.9,36.2
36,0.281,89.3,13.9,34.4,3.7,28.1
31,0.257,88.6,18.1,34.8,5.5,25.7
32,0.29,89.5,14.7,39.6,11,29
33,0.304,85.9,19.1,34.7,4.8,30.4
32,0.387,89.2,11.7,42.3,10.7,38.7
31,0.269,89.2,12.6,31.9,5.1,26.9
30,0.278,86.7,9.3,24.8,4.6,27.8
30,0.335,89.1,5.6,37.3,4,33.5
30,0.333,87.7,11.2,31.8,6.1,33.3
31,0.333,87.1,6.5,30.3,6.4,33.3
30,0.456,92.4,17.2,49.2,14.7,45.6
31,0.338,90.3,15.6,38.1,7.6,33.8
31,0.429,91.3,2.3,29.7,2.9,42.9
30,0.326,87.7,16.7,34.7,7.8,32.6
28,0.347,87.9,19,37.4,6.1,34.7
29,0.296,87.4,8.7,37.1,3.8,29.6
29,0.444,93,16.4,39.1,15.4,44.4
29,0.266,86.7,1.6,18.7,1.5,26.6
30,0.347,89.3,16,37.5,7.2,34.7
33,0.334,88.7,12.4,35.4,9.4,33.4
30,0.351,89,15.2,33.6,5.5,35.1
30,0.351,88.2,11.1,29.8,6.9,35.1
30,0.395,90.1,19.5,39.2,6.3,39.5
29,0.299,86.2,19.3,32.9,5,29.9
30,0.379,88.7,18.3,35.3,12.4,37.9
29,0.346,88.4,14.4,33.1,4.6,34.6
29,0.305,86.5,10.8,31.2,0.6,30.5
30,0.348,83.8,17.8,35.3,4.2,34.8
28,0.334,88.9,12.6,27.2,11.2,33.4
28,0.407,93.7,23.1,36.1,15,40.7
26,0.303,87.9,10.5,27.7,8.5,30.3
27,0.4,92.5,16,33.3,17.3,40
33,0.411,92.9,10.9,37.4,14.3,41.1
28,0.332,89.1,17.9,29.5,14.4,33.2
28,0.262,88.5,5.5,33.6,6.7,26.2
29,0.308,87.8,19.1,27.1,5.4,30.8
29,0.316,88.5,14.2,29,12.4,31.6
29,0.4,91,13.4,40.8,14.8,40
32,0.364,89.6,13,37.9,10.5,36.4
32,0.338,89.1,17.7,30.7,10.2,33.8
29,0.393,88.9,15.2,37.5,13.1,39.3
29,0.339,90.4,11.5,34.5,6.4,33.9
31,0.308,85.7,11.1,25.8,5.7,30.8
29,0.407,88.2,18.4,35,10.9,40.7
28,0.336,89.8,9.1,35.8,10.4,33.6
31,0.351,89.7,19.4,37.3,7.7,35.1
28,0.329,91,16.5,39.3,16,32.9
27,0.391,90.2,15.6,34.6,11,39.1
27,0.34,91.9,8.3,32.3,13.4,34
29,0.361,90.2,11.6,32.8,13.6,36.1
28,0.333,87.5,18.1,30.3,6.2,33.3
28,0.343,94,7.1,32.3,12.1,34.3
31,0.329,86.1,15.8,39.8,5.1,32.9
27,0.368,89,8.7,31.3,8.6,36.8
27,0.301,82.3,13.2,32.6,1,30.1
26,0.289,86.6,16.1,39,2.8,28.9
27,0.317,95.2,20.2,31.3,22.9,31.7
32,0.362,89.4,17,36.1,11.8,36.2
31,0.348,88.1,22.9,30.7,13.9,34.8
27,0.335,87.2,11,35.5,3.2,33.5
27,0.256,89.4,10.3,24.8,8.1,25.6
26,0.324,89.9,13.5,36.5,5.6,32.4
27,0.37,89.9,20.8,40.1,8.7,37
27,0.328,88.5,22.2,30.9,5.1,32.8
27,0.329,86.7,8.4,33.3,5.8,32.9
30,0.352,88.4,4.3,28.5,7.6,35.2
31,0.355,88,17.1,32.1,4.8,35.5
26,0.347,86.3,21.1,37.9,12.1,34.7
26,0.373,90.2,13.3,37.5,10.3,37.3
30,0.318,87.7,9.4,30.1,5.2,31.8
27,0.348,87.4,9.6,34.8,9.6,34.8
27,0.286,91.7,5.9,24.3,8.6,28.6
27,0.39,90.7,18.5,40.1,7.7,39
27,0.339,90.1,3.3,29.6,8.9,33.9
25,0.317,89,9.6,37.3,5.6,31.7
26,0.338,85.3,1.8,28.7,2,33.8
27,0.384,93.3,15.3,40.6,18,38.4
26,0.316,89.2,10,28.8,3.7,31.6
27,0.387,87.2,7.6,30.8,7.7,38.7
27,0.413,90.5,9.5,34.2,9.5,41.3
31,0.341,87.1,13.4,34.7,5.4,34.1
27,0.415,88.7,23.2,36.7,10.2,41.5
26,0.297,91.2,26.8,28.9,14,29.7
26,0.394,93.2,11.9,38.4,15.8,39.4
24,0.305,90.6,13.7,19.9,7.3,30.5
24,0.341,92.4,11.2,31.3,12.9,34.1
26,0.348,89.1,14.7,40.7,11.4,34.8
29,0.364,88,9.1,35.1,11.5,36.4
25,0.309,88.8,11.3,26.1,5.9,30.9
26,0.316,92.3,19.6,30.1,12.8,31.6
25,0.307,90,10.7,39.5,3.8,30.7
25,0.342,90.2,15.5,30.4,12.8,34.2
25,0.355,87.4,16.7,31.4,5,35.5
27,0.401,88.4,11,38.6,11,40.1
28,0.291,85.5,12.3,34.9,4,29.1
26,0.356,89.8,10.6,37.8,10.5,35.6
27,0.376,87.2,6.7,33.3,10.1,37.6
24,0.337,89.3,16.6,29.2,9.4,33.7
25,0.303,85.8,11.5,34.1,1.8,30.3
28,0.326,86.4,17,26.4,8.2,32.6
24,0.349,88.3,11.1,37.2,11.7,34.9
25,0.308,90.1,9.2,27.1,11.2,30.8
25,0.412,89.8,10.8,43,13.3,41.2
24,0.347,88.8,12.5,36.9,9.9,34.7
25,0.307,87.2,0.8,22.2,2.2,30.7
28,0.36,86.6,11.5,37,2.5,36
23,0.273,82.2,19,37.3,1.7,27.3
23,0.337,93,10.6,33.3,12.1,33.7
23,0.373,92.4,5.7,32.9,16.5,37.3
27,0.307,92.8,8.8,28.8,11.2,30.7
24,0.362,87,5.9,31.2,6.4,36.2
24,0.261,91.7,13.7,27.3,14.1,26.1
25,0.315,87.7,12.3,34.4,9.4,31.5
25,0.309,87.8,13.9,33.8,6.2,30.9
22,0.413,92.4,18.6,34,16,41.3
23,0.307,91,13.6,30.7,10,30.7
23,0.349,91.1,14.9,34.1,9.1,34.9
23,0.349,88.3,13.5,37.9,11.1,34.9
25,0.369,91.1,9,37.5,10.3,36.9
25,0.385,89.8,18.1,37.2,17.5,38.5
26,0.35,84.7,4.1,30.8,0.5,35
21,0.392,95.9,8.7,32.3,19.5,39.2
21,0.338,92.5,4.6,29.5,8.7,33.8
21,0.478,92.1,4.3,33.3,18.3,47.8
26,0.372,90.8,10.5,39.5,11.7,37.2
25,0.278,87.5,10.2,35.2,10.2,27.8
25,0.302,86.5,8.2,31,3.8,30.2
25,0.297,89.9,9.4,27.5,4.7,29.7
23,0.304,87.4,14.3,34.3,14.2,30.4
25,0.254,84.9,1.4,30.5,1.5,25.4
22,0.316,87.9,16.7,36.6,13,31.6
39,0.308,88.3,12.5,26.5,5.8,30.8
36,0.318,90.3,12.3,38.2,6.4,31.8
36,0.353,91.9,9.2,31.8,8.8,35.3
33,0.308,86.2,13.5,31.3,6.7,30.8
38,0.418,93.7,13.1,38.3,19.9,41.8
33,0.322,89.7,14,35.8,7.5,32.2
33,0.326,85.5,12.9,40.6,7.4,32.6
33,0.331,89.1,14.4,37.3,5.7,33.1
32,0.387,88.7,14.6,36.8,8.3,38.7
33,0.302,89.5,6.9,31.1,4.1,30.2
34,0.37,90.3,17.8,38.6,7.8,37
35,0.332,88.9,15.2,40.7,6.9,33.2
35,0.344,87.7,13.9,28.8,3.9,34.4
35,0.354,91.5,7.3,33.3,9.5,35.4
35,0.319,88.7,9.3,33.7,5.4,31.9
30,0.3,88.4,7.2,32.5,3.5,30
31,0.327,90,-0.1,25.8,4.7,32.7
33,0.38,91.8,11.7,29.1,9.6,38
31,0.319,87.3,22.4,41.4,8.7,31.9
32,0.367,88.8,10.6,36.3,5.5,36.7
35,0.364,89.3,14.3,33.5,3.6,36.4
30,0.305,87.4,9.1,31.9,2.6,30.5
30,0.341,87.8,18.4,38.6,7,34.1
31,0.289,90.2,13.1,31.5,9.8,28.9
31,0.349,90.9,5.2,29.7,7.9,34.9
31,0.386,91.3,12.5,40.7,11.8,38.6
32,0.308,86.1,15.8,36,3.4,30.8
31,0.346,90.1,15.4,36.4,11.3,34.6
29,0.374,87.4,9.7,28.2,8.1,37.4
29,0.315,86,9.5,32,2.7,31.5
29,0.315,88.2,7.2,31,3.2,31.5
29,0.307,88.5,11,29.6,6.2,30.7
30,0.353,88.6,8.2,31.3,8,35.3
33,0.377,92.9,13.3,33.3,15.7,37.7
29,0.387,89.7,14.4,40,12.3,38.7
30,0.361,90.7,14.2,37.5,11.3,36.1
29,0.328,88.8,11.3,31.8,5.7,32.8
30,0.375,91.9,6.5,35.2,7.5,37.5
30,0.348,89.5,17.4,32.3,10.3,34.8
29,0.39,89,12.6,36.8,6.8,39
29,0.308,88.8,14.7,31.8,5.5,30.8
28,0.334,89.5,9.8,34.1,11.7,33.4
28,0.336,91.8,13.5,32.8,12.1,33.6
28,0.335,88.9,8.2,30.3,6.8,33.5
28,0.352,91.4,13.5,37.8,9.5,35.2
32,0.281,87.8,8.3,36.7,5.4,28.1
29,0.309,90.8,2.1,29.1,7.2,30.9
32,0.301,88.1,14.1,33.1,5.5,30.1
29,0.413,90.4,19.5,38.7,12,41.3
28,0.373,88.9,14.9,34,8.5,37.3
29,0.4,89.8,10.5,31.6,14.1,40
28,0.331,89.4,13.2,37.5,5.9,33.1
28,0.334,86.1,12.6,28.6,2.2,33.4
28,0.294,88.2,6.2,30.3,3.8,29.4
27,0.307,89.3,16,31.3,8.5,30.7
27,0.436,90.9,22.2,43.8,18.9,43.6
26,0.365,91.9,13.7,37.6,14.8,36.5
32,0.344,92.1,10.9,35.2,12.8,34.4
27,0.381,89.3,17.7,38,13.8,38.1
26,0.326,89,11.3,40.1,12.1,32.6
27,0.281,87.1,14.2,32.1,1,28.1
28,0.392,89.4,17.7,34.6,8,39.2
28,0.372,89.8,14.5,38.9,12,37.2
28,0.36,89.7,12.7,38.5,13.2,36
28,0.346,91.1,14.8,34.1,13.1,34.6
29,0.306,84.1,7.1,29.7,2.3,30.6
27,0.379,87.6,19.2,35.8,9.3,37.9
27,0.357,89,14,39.8,10.9,35.7
26,0.335,91.2,13,31.2,8,33.5
26,0.315,88.2,12.5,37.1,7.4,31.5
27,0.362,91.2,15.6,31.4,10.3,36.2
28,0.34,90.3,14.4,35,8.7,34
27,0.329,89.2,16.8,33.2,8.5,32.9
27,0.442,93.3,11.3,33.2,15.8,44.2
30,0.34,87,15.6,42,4.3,34
26,0.39,90.6,13.3,34.7,8.4,39
26,0.318,84.4,11.9,32.5,2.9,31.8
25,0.352,88,19.1,41.6,6.7,35.2
31,0.33,89.5,14.9,35.2,11.2,33
30,0.342,88.9,15.3,33.9,3.8,34.2
26,0.301,86.7,14,29.7,6.5,30.1
26,0.347,91.1,7.7,36.3,12.7,34.7
25,0.349,91,12.3,29.8,7.5,34.9
25,0.302,91.1,17.9,30.6,13.6,30.2
26,0.38,91,17.5,36.5,8.6,38
26,0.333,88.8,17.1,39,10.5,33.3
26,0.355,89.7,18.2,30.5,8.9,35.5
29,0.314,90.1,9.3,30.2,9.6,31.4
25,0.323,89.9,19.9,32.1,10.7,32.3
29,0.315,87.8,7.6,35.7,6.6,31.5
26,0.342,89.9,11.1,31.3,8.9,34.2
26,0.378,92.4,13.1,34.6,12.7,37.8
26,0.38,91,19.3,39.2,10.3,38
26,0.278,85.2,7.3,29,2.2,27.8
24,0.269,87.9,6.6,26.5,4.3,26.9
25,0.405,90,11.5,34.6,9.3,40.5
26,0.356,90.4,9.9,29.8,6.8,35.6
30,0.298,86.4,14.1,33.1,4.9,29.8
26,0.334,89.2,19.8,32.6,6.3,33.4
25,0.418,89.3,19.6,35.5,4.8,41.8
25,0.34,88.8,14.3,35.2,7.3,34
23,0.338,93.3,9.5,33.3,14.8,33.8
25,0.317,89.9,14.4,36.7,10.1,31.7
25,0.339,85.3,8.5,33.4,2.1,33.9
25,0.368,92.7,19.4,36.1,14.5,36.8
24,0.384,90.7,14.8,36.9,15.8,38.4
26,0.358,89.2,15.9,35.8,11.9,35.8
27,0.32,87.1,13.1,36.4,1.9,32
28,0.33,90,13.8,30,9.2,33
27,0.378,92.6,15.5,34.5,16.9,37.8
24,0.38,90.4,16.7,38.1,12.5,38
26,0.363,88.3,8.7,37.6,5.1,36.3
23,0.414,91.1,17.9,39.6,12.7,41.4
27,0.36,91.1,16.7,35.8,10,36
27,0.373,90.3,7.8,36.4,10.3,37.3
24,0.33,91.9,8.8,36.6,9,33
23,0.318,89.4,8.8,35,4.2,31.8
23,0.313,88.5,10.8,36.1,8.4,31.3
24,0.33,89.1,17.3,40.1,8.1,33
27,0.384,89,13.8,34.2,4.8,38.4
22,0.354,88.9,15.6,36.8,6.6,35.4
22,0.317,83.3,16.7,34.5,4.8,31.7
22,0.377,92.5,10.4,33,9,37.7
22,0.343,91.2,9.3,32.4,12.8,34.3
22,0.358,89.1,17.7,38,10.1,35.8
26,0.354,92.7,16.6,25.1,12.1,35.4
26,0.347,89.7,24,31,9.7,34.7
26,0.357,93.5,15.5,35.6,14.5,35.7
25,0.322,87,18.3,33,8.6,32.2
24,0.379,93.1,12.3,40.4,12.2,37.9
21,0.369,90.6,14.2,40.5,15,36.9
25,0.318,83.8,9.9,37.5,0.2,31.8
20,0.329,89.4,6.7,30.9,7.7,32.9
20,0.394,92,12.5,36.3,12.3,39.4
24,0.371,89.5,9.4,37,6.7,37.1
